Planet,mass,radius,rho_ratio,mass_err,radius_err,rho,rho_err,rho_ratio_err
synthetic_planet1,7.81110183,1.5358229669999999,1.4813621745664753,0.3905550920000001,0.01535823,11.880656101162984,0.6927553466431204,0.08637751636000554
synthetic_planet2,5.209251711,1.4179776259999999,1.3849387866658092,0.260462586,0.014179776000000003,10.067434370899884,0.5870272531088134,0.08075511413416969
synthetic_planet3,9.256702949,1.8079426180000002,1.0285782021421026,0.462835147,0.018079426000000003,8.630858549912155,0.5032612084714277,0.05997589996683141
synthetic_planet4,4.47944263,1.524183316,0.9920086060310035,0.22397213100000002,0.015241833,6.970500573913664,0.40644653349823995,0.057843544354712305
synthetic_planet5,4.118654855,1.4788519130000002,1.017030980129581,0.205932743,0.014788518999999997,7.0167004408729055,0.409140426725873,0.05930258712197268
synthetic_planet6,2.808787301,1.330799499,1.0290696955793759,0.140439365,0.013307995,6.566479090624805,0.38288823693533297,0.06000455890989153
synthetic_planet7,5.510371771,1.579750101,1.04579539411074,0.275518589,0.015797501000000002,7.701358210568881,0.4490624929720434,0.06097982641212053
synthetic_planet8,9.711716247,1.809175166,1.0627432169952857,0.485585812,0.018091752,9.036613977770289,0.5269206163086341,0.06196804602415331
